,n_genes
AAACATTGAGCTAC-1,1352
AAACATTGATCAGC-1,1131
AAACCGTGCTTCCG-1,960
AAACTTGAAAAACG-1,1116
AAAGAGACGCGAGA-1,1059
AAAGCAGATATCGG-1,1424
AAAGCCTGTATGCG-1,1014
AAAGGCCTGTCTAG-1,1446
AAAGTTTGGGGTGA-1,1020
AAATCAACCCTATT-1,1545
AAATCAACGGAAGC-1,996
AAATCAACTCGCAA-1,937
AAATCATGACCACA-1,1368
AAATGTTGAACGAA-1,1020
AAATGTTGTGGCAT-1,1019
AAATTCGAGCTGAT-1,982
AAATTCGATTCTCA-1,930
AAATTGACTCGCTC-1,1014
AACACGTGTACGAC-1,1215
AACATTGATGGGAG-1,1460
AACCAGTGATACCG-1,1250
AACCGCCTAGCGTT-1,1238
AACCGCCTCTACGA-1,1243
AACCTACTGTGAGG-1,1652
AACCTTTGTACGCA-1,1465
AACGCATGTACTTC-1,965
AACGTCGAGTATCG-1,988
AACGTGTGAAAGCA-1,906
AACTACCTTAGAGA-1,916
AACTCACTCAAGCT-1,969
AACTTGCTACGCTA-1,900
AAGATGGAGAACTC-1,1043
AAGATGGAGATAAG-1,1206
AAGATTACAGATCC-1,1263
AAGATTACCCGTTC-1,929
AAGATTACCGCCTT-1,1079
AAGATTACCTCAAG-1,938
AAGCAAGAGCGAGA-1,900
AAGCAAGAGCTTAG-1,919
AAGCACTGAGCAAA-1,903
AAGCACTGGTTCTT-1,1717
AAGCCATGAACTGC-1,1877
AAGCGACTTTGACG-1,1185
AAGTATACCGAACT-1,935
AAGTCCGATAGAAG-1,1008
AAGTCTCTAGTCGT-1,985
AAGTTCCTTCTTAC-1,1031
AATACCCTGGCATT-1,1119
AATAGGGAACCCTC-1,963
AATCCGGAATGCTG-1,1032
AATCTAGAATCGGT-1,925
AATCTCACAGCCTA-1,1228
AATGATACGGTCAT-1,1197
AATGCGTGGACGGA-1,1273
AATGGCTGACACCA-1,959
AATGTAACGGTGGA-1,978
AATGTCCTCTTCTA-1,910
AATGTTGACAGTCA-1,936
AATGTTGAGTTGAC-1,997
AATGTTGATCTACT-1,961
AATTACGAATTCCT-1,1314
AATTACGAGTAGCT-1,997
AATTACGAGTGAGG-1,1112
AATTGATGTCGCAA-1,1298
ACAAATTGATTCTC-1,1313
ACAAATTGTTGCGA-1,936
ACAACCGAGGGATG-1,977
ACAAGAGAAGTCGT-1,1311
ACACGATGACGCAT-1,954
ACACGATGTCGTAG-1,1265
ACACGATGTGGTCA-1,919
ACAGCAACCTCAAG-1,1476
ACAGGTACTGGTGT-1,1059
ACATCACTCTACTT-1,907
ACATTCTGGCATAC-1,957
ACATTCTGGGAACG-1,1190
ACCACAGAGTTGGT-1,908
ACCAGCCTGACAGG-1,951
ACCAGTGAATACCG-1,1277
ACCATTACCTTCTA-1,969
ACCATTACGAGATA-1,1112
ACCCAAGAATTCCT-1,1223
ACCCAAGAGGACAG-1,1023
ACCCACTGTCGTAG-1,1113
ACCCAGCTGTTAGC-1,1547
ACCCGTTGCTTCTA-1,1861
ACCCTCGATAAGGA-1,1016
ACCTATTGTGCCCT-1,1307
ACCTTTGACTCCCA-1,1169
ACCTTTGAGGAACG-1,1375
ACCTTTGAGGAAGC-1,1189
ACGAACTGGCTATG-1,2455
ACGAAGCTCTGAGT-1,1856
ACGACCCTATCTCT-1,1317
ACGAGGGACAGGAG-1,1997
ACGAGGGATGTAGC-1,1034
ACGAGTACGAATCC-1,1188
ACGATCGAGTCACA-1,1056
ACGATGACTGGTCA-1,979
ACGCCTTGCTCCCA-1,1073
ACGCTGCTGTTCTT-1,976
ACGGAACTCAGATC-1,986
ACGGAGGACTCTTA-1,957
ACGGATTGGTTAGC-1,1012
ACGGCTCTGAGCAG-1,927
ACGGTCCTAACGGG-1,947
ACGTCCTGATAAGG-1,923
ACGTCCTGTGAACC-1,1174
ACGTCGCTCCTGAA-1,1597
ACGTGATGCCATGA-1,1418
ACGTGATGTAACCG-1,1047
ACGTGATGTGACAC-1,981
ACGTTGGATCAGGT-1,1071
ACTAAAACTCGACA-1,913
ACTACGGATCGCTC-1,942
ACTAGGTGGAACTC-1,1046
ACTCCTCTCAACTG-1,1142
ACTCTCCTGCATAC-1,1750
ACTGAGACCCATAG-1,1156
ACTGAGACGTTGGT-1,1031
ACTGCCACACACGT-1,912
ACTGTGGACGTGTA-1,1233
ACTGTGGATCTAGG-1,1312
ACTTAAGATTACTC-1,1019
ACTTAGCTGCGTAT-1,1215
ACTTAGCTGGGAGT-1,928
ACTTCAACAAGCAA-1,1780
ACTTGGGAGAAAGT-1,1120
ACTTGGGATTGACG-1,1100
ACTTGTACCCGAAT-1,911
ACTTTGTGGATAGA-1,1118
AGAACAGAAATGCC-1,916
AGAACAGAGACAAA-1,960
AGAAGATGTGACTG-1,1090
AGAATTTGTAACCG-1,968
AGACCTGAAGTAGA-1,1016
AGACCTGACCAACA-1,1011
AGACCTGAGGAAGC-1,1075
AGACGTACCTCTTA-1,950
AGACTGACCCTTTA-1,963
AGAGATGATCTCGC-1,1037
AGAGCGGAGGCAAG-1,1426
AGAGGTCTACAGCT-1,2815
AGAGTCTGGTCGTA-1,1496
AGAGTGCTGTCATG-1,924
AGATATACCCGTAA-1,1057
AGATATTGCCTACC-1,919
AGATATTGGCCAAT-1,1251
AGATCGTGTCTGGA-1,1023
AGATTAACGTTCTT-1,1217
AGATTCCTATCGTG-1,929
AGATTCCTGACGAG-1,994
AGATTCCTGTTCAG-1,1025
AGCAAAGATATGCG-1,946
AGCACTGATATGCG-1,975
AGCACTGATGCTTT-1,1609
AGCATCGAGCTTCC-1,998
AGCATCGAGTGAGG-1,979
AGCATCGATAACCG-1,1045
AGCCGGTGCCAATG-1,1147
AGCCGTCTCAATCG-1,914
AGCCGTCTGAGAGC-1,969
AGCCTCACTGTCAG-1,1398
AGCGAACTGGATCT-1,921
AGCGCCGACAGAGG-1,1092
AGCGTAACTGAGAA-1,1101
AGCTGAACCATACG-1,1124
AGCTGCCTTTCATC-1,1703
AGGAACCTCTTAGG-1,1323
AGGAACCTTGCCTC-1,942
AGGAATGATTTGTC-1,981
AGGATAGACATTTC-1,1190
AGGGACGAGTCAAC-1,931
AGGGCGCTAACCAC-1,1068
AGGTCTGATTCTCA-1,982
AGTAAGGATTCTTG-1,945
AGTACGTGCTGCAA-1,970
AGTACGTGCTTGGA-1,989
AGTAGGCTTGCCTC-1,1236
AGTATAACTTGTCT-1,1499
AGTCACGATGAGCT-1,1380
AGTCAGACGAATAG-1,1170
AGTCAGACTGCACA-1,924
AGTCTACTTGCATG-1,1572
AGTGACTGCAACTG-1,1413
AGTGTTCTCACTTT-1,907
AGTTAAACCACTTT-1,951
AGTTATGAACAGTC-1,1175
AGTTATGACTGAGT-1,946
AGTTATGAGTTCAG-1,905
AGTTTCACGGTCTA-1,1079
ATAAACACAGTGCT-1,978
ATAAACACCACCAA-1,941
ATAACAACATGCTG-1,994
ATAACAACTTTGTC-1,1013
ATAACATGTACTCT-1,987
ATAACCCTTGGTAC-1,1041
ATACCACTCGTACA-1,956
ATACCACTCTAAGC-1,1178
ATACCGGAATGCTG-1,1861
ATACCGGACTTCGC-1,944
ATACCTACGCATCA-1,924
ATACCTTGGGGCAA-1,936
ATACTCTGCTTCGC-1,1334
ATAGCGTGCCCTTG-1,944
ATAGGAGAAACAGA-1,1084
ATAGTTGACCCTCA-1,1318
ATATACGAATTGGC-1,1154
ATATGCCTGGACAG-1,1027
ATCAAATGAGCCTA-1,926
ATCAAATGGGTAAA-1,1282
ATCAACCTAAACGA-1,907
ATCAACCTTCTCTA-1,1024
ATCACACTTTGTCT-1,900
ATCATGCTGAACCT-1,1030
ATCCAGGACGCTAA-1,1279
ATCCATACTTCATC-1,1323
ATCCCGTGCAGTCA-1,1003
ATCCTAACGCTACA-1,924
ATCGACGAAACTGC-1,1184
ATCGACGAATGACC-1,901
ATCGCAGAATCTCT-1,1421
ATCGCCTGGGTCAT-1,953
ATCGGTGATTGCAG-1,947
ATCGTTTGCCTACC-1,1157
ATCTGGGAAACCAC-1,1006
ATCTGGGAAGTGTC-1,1181
ATCTGGGATTCCGC-1,974
ATCTGTTGACCTCC-1,978
ATCTGTTGCCTTCG-1,1551
ATCTGTTGGTTGCA-1,965
ATCTTGACACCAAC-1,907
ATCTTTCTGTTTCT-1,907
ATCTTTCTTGTCCC-1,927
ATGAAACTCTGTGA-1,966
ATGAAGGACTTGCC-1,905
ATGACGTGATCGGT-1,1167
ATGAGAGAAAGTGA-1,936
ATGAGCACACAGCT-1,1038
ATGATATGAAACAG-1,1403
ATGATATGGTGCTA-1,932
ATGATATGTTGTCT-1,1096
ATGCACGATTGGTG-1,1553
ATGCCGCTTGAACC-1,917
ATGCGATGCTATGG-1,942
ATGCTTTGCGAATC-1,949
ATGGACACATCGGT-1,1001
ATGGGTACATCGGT-1,907
ATGGGTACTATTCC-1,961
ATGTAAACCCGCTT-1,1043
ATGTAAACGGGATG-1,1343
ATGTAAACTCTCCG-1,1326
ATGTAAACTTCACT-1,981
ATGTACCTTAGTCG-1,937
ATGTACCTTTCACT-1,1026
ATGTCACTAATGCC-1,1135
ATGTCGGAGGTGAG-1,948
ATTAAGACTGCAGT-1,1076
ATTACCTGCCTTAT-1,1106
ATTACCTGGAGGAC-1,1111
ATTATGGAATCTCT-1,1008
ATTCAAGAACGGGA-1,908
ATTCCAACCATTGG-1,1062
ATTCGACTTTTGTC-1,1027
ATTCGGGAAAGGCG-1,1032
ATTCGGGATTAGGC-1,1040
ATTGCACTGAGAGC-1,1078
ATTGCACTTGCTTT-1,1523
ATTGGTCTGACTAC-1,966
ATTGTAGATTCCCG-1,1654
ATTTAGGAACCATG-1,1665
ATTTAGGACAGAGG-1,920
ATTTCTCTACTTTC-1,1276
ATTTCTCTAGCAAA-1,987
ATTTCTCTCACTTT-1,1079
CAAAGCACGGTAAA-1,1009
CAACCAGAAGTGCT-1,1262
CAACCAGAGTTCAG-1,1218
CAACGATGCGCAAT-1,1409
CAACGTGACTCCAC-1,1094
CAAGAAGACGTCTC-1,1242
CAAGACTGAGTAGA-1,901
CAAGCTGACCATAG-1,1274
CAAGGACTGTTCAG-1,1006
CAAGGTTGTCTGGA-1,957
CAATATGACATGGT-1,910
CAATCTACTGACTG-1,1078
CAATTCTGCTTGTT-1,1203
CACAATCTTTCCAT-1,1229
CACAGAACCTGATG-1,1036
CACAGATGGGATTC-1,1027
CACAGCCTGATACC-1,999
CACAGCCTTGCCAA-1,942
CACAGTGATGAAGA-1,1007
CACATGGAACACGT-1,990
CACCACTGGCGAAG-1,921
CACCGGGAATCGAC-1,1042
CACCGGGACTTCTA-1,1612
CACCGGGATTCGGA-1,929
CACCTGACACCCAA-1,908
CACGGGACAGAGTA-1,927
CACGGGACGTAGGG-1,969
CACTGCTGAGACTC-1,1103
CACTGCTGGAAAGT-1,944
CAGACCCTAAGGTA-1,1336
CAGACCCTAGGAGC-1,934
CAGATGACATTCTC-1,1006
CAGCACCTGTAGGG-1,1291
CAGCATGACAACCA-1,1102
CAGCCTTGGGGACA-1,904
CAGCTCTGTCGTAG-1,1135
CAGCTCTGTGTGGT-1,1054
CAGGCCGAACACCA-1,973
CAGGCCGAACACGT-1,1201
CAGGTATGTGCTTT-1,1026
CAGGTTGAGGATCT-1,2000
CAGTGATGGGACAG-1,969
CAGTTACTAAGGTA-1,993
CAGTTGGAAAGAGT-1,1167
CAGTTTACACACGT-1,1871
CATAACCTTCTCCG-1,1000
CATACTTGGGTTAC-1,1938
CATAGTCTCACTTT-1,945
CATATAGACTAAGC-1,1032
CATCAACTAGAAGT-1,984
CATCAACTCCCTCA-1,994
CATCAGGATCCTAT-1,1583
CATCAGGATGCACA-1,1113
CATCATACCGCATA-1,1146
CATCGCTGGGATCT-1,983
CATCGGCTATGCTG-1,972
CATGCCACTGCCAA-1,941
CATGCGCTAGTCAC-1,1659
CATGCGCTTTGCAG-1,1517
CATGGCCTGTGCAT-1,937
CATTACACCAACTG-1,1022
CATTACACGGAGTG-1,1191
CATTAGCTCCACAA-1,1146
CATTGTACTTTGCT-1,1271
CATTTCGAGATACC-1,1119
CATTTGTGCATTGG-1,916
CCAAAGTGCTACGA-1,1257
CCAACCTGTTCGCC-1,1023
CCAAGAACGTAGCT-1,1008
CCAAGTGATCAAGC-1,939
CCAATTTGAACGTC-1,932
CCACCATGGACGAG-1,1561
CCACCATGTCCTGC-1,940
CCACTTCTCGGGAA-1,1071
CCAGAAACGAACTC-1,927
CCAGCACTGCGATT-1,1322
CCAGCGGATGGGAG-1,1075
CCAGTCACACTGGT-1,939
CCAGTCTGCGGAGA-1,3422
CCAGTGCTAACCAC-1,1105
CCATCGTGCTAGAC-1,901
CCCAACACCTCGCT-1,927
CCCAACACTTTGTC-1,1221
CCCAGACTGCCTTC-1,1381
CCCAGACTGGTTTG-1,949
CCCAGACTTTCGCC-1,1322
CCCAGTTGCAGTTG-1,1169
CCCTAGTGCAAAGA-1,943
CCCTCAGACGAGAG-1,926
CCCTTACTAACCAC-1,1222
CCGAAAACCTTGTT-1,1515
CCGACACTGGTTTG-1,1138
CCGACTACCCAGTA-1,1174
CCGATAGAGTTGGT-1,999
CCGCTATGTGCAAC-1,1015
CCGCTATGTGCACA-1,939
CCGTACACGTTGGT-1,1193
CCTCGAACTTACTC-1,924
CCTCTACTCTTCGC-1,1322
CCTTAATGTTCTAC-1,1243
CCTTTAGATTCATC-1,1193
CGAAGACTGGAACG-1,947
CGAAGGGAAACCTG-1,907
CGAATCGAGGAGGT-1,922
CGACCACTAAAGTG-1,941
CGACCACTGCCAAT-1,943
CGACCGGATGGAAA-1,947
CGACTCTGTGTGAC-1,1100
CGAGAACTTGTTCT-1,928
CGAGCGTGCTCCAC-1,1058
CGAGCGTGGATACC-1,914
CGAGGCACTATGCG-1,1327
CGAGGCTGGCAGTT-1,1017
CGAGTATGTCACCC-1,967
CGATACGAACAGTC-1,1077
CGATACGACAGGAG-1,2033
CGATAGACCGTACA-1,926
CGATCAGAGAGGGT-1,964
CGATCAGAGGTACT-1,1341
CGATCAGATGTGAC-1,1981
CGATCCACCGGGAA-1,1103
CGCACTACAGCCAT-1,1034
CGCACTTGTCACGA-1,1091
CGCAGGACTTGTCT-1,1688
CGCAGGTGCCATAG-1,1254
CGCAGGTGGGAACG-1,942
CGCCATACTGCAAC-1,1055
CGCCGAGAGCTTAG-1,993
CGCCTAACGAATGA-1,1462
CGCCTAACTGCTCC-1,1007
CGCGAGACAGGTCT-1,1036
CGCGATCTCAGTCA-1,948
CGCTAAGAATGTCG-1,1040
CGCTACTGAACAGA-1,1188
CGGCACGACTACGA-1,1051
CGGCATCTTCGTAG-1,1055
CGGCCAGAGAGGCA-1,999
CGGCGAACCAGTCA-1,1241
CGGGACTGCGTGTA-1,1066
CGGGCATGTCTCTA-1,1079
CGGTAAACTCGCAA-1,1098
CGGTCACTTACTTC-1,1120
CGTAACGATCGCCT-1,1025
CGTACCTGGCATCA-1,997
CGTAGCCTGTATGC-1,1118
CGTCAAGAACGTGT-1,928
CGTCAAGACAGAGG-1,958
CGTCAAGACAGGAG-1,932
CGTCGACTTTCCGC-1,905
CGTGCACTTATGGC-1,1068
CGTGTAGAGTTACG-1,951
CGTTAGGATCATTC-1,1355
CGTTATACCCTGAA-1,1005
CTAAACCTCTGACA-1,1185
CTAAACCTGTGCAT-1,912
CTAACGGAACCGAT-1,997
CTAAGGACCGTTAG-1,1426
CTAAGGACGCCATA-1,1012
CTACGCACACCTAG-1,1139
CTACGCACTCTCCG-1,925
CTACGCACTGGTCA-1,1015
CTACGGCTTTCTTG-1,1360
CTACTATGAACCAC-1,1097
CTACTCCTATGTCG-1,1052
CTAGAGACACTTTC-1,1152
CTAGAGACAGCATC-1,907
CTAGAGACTTTGGG-1,1628
CTAGGATGAGCCTA-1,1749
CTAGGTGATGGTTG-1,1195
CTAGTTACGAAACA-1,968
CTATACTGCTACGA-1,948
CTATACTGTTCGTT-1,1543
CTATAGCTTCGCTC-1,981
CTATAGCTTGCCTC-1,912
CTATCAACGAACTC-1,912
CTATCAACGCAGAG-1,1063
CTATGTACGAGAGC-1,996
CTATGTACTGTTTC-1,1483
CTATGTTGAAAGCA-1,927
CTATGTTGTCTCGC-1,1052
CTATTGACACTGGT-1,1028
CTATTGACGGTGAG-1,1263
CTCAATTGGTTCAG-1,958
CTCAGCTGAACCTG-1,923
CTCAGGCTCGTTGA-1,1466
CTCATTGACCTTAT-1,1112
CTCATTGATGCTTT-1,1006
CTCCACGAGAGATA-1,1448
CTCCGAACAAGTGA-1,998
CTCGAAGATTAGGC-1,903
CTCTAATGTCCAAG-1,902
CTGAACGACAGTCA-1,990
CTGAAGACCCAACA-1,953
CTGAAGTGAAGCCT-1,1437
CTGAAGTGTCCAGA-1,956
CTGACAGAATCGTG-1,1012
CTGAGAACCGGGAA-1,1077
CTGATTTGGTGTTG-1,1063
CTGCAGCTGGATTC-1,1389
CTGCAGCTTGGCAT-1,1264
CTGCCAACAGGAGC-1,952
CTGGCACTCAAGCT-1,903
CTGTATACGTACGT-1,1112
CTGTGAGACAACCA-1,1299
CTGTGAGACTGTAG-1,1090
CTTAACACGAGCTT-1,1144
CTTAGGGACTTGCC-1,1063
CTTCACCTACCTGA-1,1528
CTTGATTGAGGTTC-1,920
CTTGATTGTTTCGT-1,982
CTTTAGACGTTGGT-1,975
CTTTAGTGACGGGA-1,978
CTTTCAGAGAAACA-1,905
CTTTGATGTGTCCC-1,976
GAAACCTGCTTATC-1,1085
GAAACCTGGACTAC-1,1692
GAAAGATGATTTCC-1,955
GAAAGATGCTGATG-1,1467
GAAAGTGAAAGTGA-1,1573
GAAAGTGACCACAA-1,1119
GAAAGTGACTCAAG-1,918
GAACACACGTGCAT-1,1253
GAACAGCTAACTGC-1,1636
GAACAGCTCTCAGA-1,1273
GAACCTGAACGTGT-1,1491
GAACCTGATGAACC-1,939
GAACTGTGACCTGA-1,1365
GAAGCGGACCTATT-1,1343
GAAGCTACGAATGA-1,905
GAAGGGTGCTTAGG-1,990
GAAGGTCTGAAAGT-1,1084
GAAGGTCTGTTGCA-1,976
GAAGGTCTTAAAGG-1,1630
GAAGTAGATCCAAG-1,1408
GAAGTGCTCCGCTT-1,1127
GAATGCACCCTAAG-1,954
GAATTAACTGAAGA-1,976
GACAGGGAATGCCA-1,912
GACAGTACGAGCTT-1,1550
GACAGTACTTCGGA-1,1509
GACAGTTGAGTAGA-1,1021
GACATTCTCCACCT-1,1751
GACCAAACGTATCG-1,910
GACCTCACGTACGT-1,1152
GACCTCTGCATCAG-1,1118
GACGCCGACCTTCG-1,1176
GACGGCACACGGGA-1,918
GACGGCACGAGATA-1,1132
GACGTAACCTGTGA-1,938
GACGTAACTATGGC-1,1140
GACGTATGTTGACG-1,909
GACGTCCTCTCAAG-1,904
GAGATAGAAAAAGC-1,1230
GAGATCACGACAAA-1,1131
GAGCATACTTTGCT-1,1753
GAGGCAGACTTGCC-1,925
GAGGGCCTTCACCC-1,955
GAGGTACTTAGCGT-1,1063
GAGGTGGATCCTCG-1,997
GAGGTTACTCGTTT-1,1268
GAGTGACTCAGCTA-1,1189
GAGTGACTCGGTAT-1,911
GAGTGTTGCTGTAG-1,953
GAGTTGTGTATGCG-1,1420
GATACTCTTACTTC-1,981
GATAGAGACTGTGA-1,1097
GATAGAGATCACGA-1,998
GATAGCACGAAGGC-1,1159
GATAGCACTTGTCT-1,955
GATATAACAAGGTA-1,1061
GATATATGTGGAGG-1,1211
GATATTGACGAGTT-1,1447
GATCCCTGACCTTT-1,1050
GATCCGCTGGTCAT-1,1118
GATCGAACCGAGAG-1,1428
GATCTTACACCCAA-1,1323
GATCTTACCCTACC-1,921
GATGCCCTACGTAC-1,1012
GATTCGGACAGGAG-1,1010
GATTCGGAGAAGGC-1,1182
GATTCTTGATTCGG-1,1149
GATTGGACCCGTTC-1,1155
GATTGGTGTGTCAG-1,1088
GATTTAGACACTCC-1,1291
GATTTAGACTAAGC-1,1196
GCAAGACTACTGGT-1,1165
GCAAGACTCCCTTG-1,923
GCAATCGAGACGTT-1,1284
GCAATCGATCCTTA-1,1011
GCAATTCTTCTCCG-1,984
GCACAAACGGTACT-1,939
GCACCACTCATGAC-1,1211
GCACCACTTCCTTA-1,969
GCACCACTTTCGGA-1,1135
GCACCTACGCGATT-1,1239
GCACCTTGGGGAGT-1,1103
GCACGGACCAGCTA-1,975
GCACGGTGCTATGG-1,1170
GCACTAGAACGGGA-1,921
GCACTAGACCTTTA-1,1180
GCACTAGAGTCGTA-1,982
GCACTAGATGCAAC-1,916
GCACTGCTGAGGCA-1,1122
GCAGCCGACAGTCA-1,913
GCAGGGCTATCGAC-1,944
GCAGGGCTTGGGAG-1,940
GCATTGGAGAAGGC-1,1043
GCCAAATGATCGAC-1,995
GCCGACGAACTCTT-1,986
GCCGAGTGCGTTGA-1,989
GCCTACACAGTTCG-1,961
GCCTACACCACTGA-1,906
GCCTAGCTTCTCTA-1,1210
GCCTCAACTCTTTG-1,1963
GCGAAGGAGAGCTT-1,2710
GCGAGCACTTGCTT-1,1001
GCGCATCTGGTTAC-1,984
GCGCGATGGTGCAT-1,1413
GCGTAAACACGGTT-1,1629
GCGTAATGCACCAA-1,1380
GCGTATGATGAGAA-1,1001
GCTACCTGAGAAGT-1,1103
GCTACGCTAGAATG-1,966
GCTACGCTCCCTAC-1,1018
GCTAGAACGGATCT-1,967
GCTATACTAAGGCG-1,1000
GCTATACTGGACGA-1,945
GCTCAAGAACCATG-1,1679
GCTCAAGAAGTCAC-1,1123
GCTCCATGAGAAGT-1,995
GGAACTTGAAGGTA-1,1158
GGAATCTGAGGAGC-1,1308
GGAATCTGCTTGTT-1,1181
GGAATCTGGGAGGT-1,909
GGACCCGAAGCTAC-1,1197
GGACCGTGGGAACG-1,1425
GGACCGTGTAACGC-1,947
GGACCTCTGTAAGA-1,900
GGACGCTGACGCAT-1,1100
GGAGAGACGTGAGG-1,932
GGAGCCACCTTCTA-1,1137
GGAGCGCTACGCAT-1,1225
GGAGCGCTCCGAAT-1,997
GGAGGCCTCGTTGA-1,906
GGATACTGTCTAGG-1,936
GGATAGCTCGTCTC-1,1048
GGATTTCTTTGTCT-1,1162
GGCAAGGAAAAAGC-1,1081
GGCAAGGACTTGGA-1,1032
GGCAAGGAGGACTT-1,913
GGCACGTGGCTTAG-1,1201
GGCACGTGTGAGAA-1,2694
GGCACTCTTTTGTC-1,997
GGCATATGTGTGAC-1,1586
GGCCAGACTGGTTG-1,947
GGCCCAGAAAGTAG-1,937
GGCCGATGCAGGAG-1,931
GGCCGATGCCGAAT-1,973
GGCGACACTGCCCT-1,1497
GGCGACTGCGTAAC-1,906
GGCGCATGCTCCAC-1,953
GGCTAAACACCTGA-1,976
GGCTCACTACTCAG-1,1084
GGGAACGAAGCTCA-1,1557
GGGACCTGACCCTC-1,1029
GGGATTACGTCTAG-1,1019
GGGCACACGGTGAG-1,1225
GGGCACACGTTGCA-1,1287
GGGCAGCTTGGGAG-1,903
GGGCCAACCTTGGA-1,2020
GGGTAACTCAGCTA-1,1082
GGGTTAACGTGCAT-1,911
GGTACAACTGCAAC-1,910
GGTACATGTGGGAG-1,941
GGTAGTACTGTCTT-1,992
GGTCTAGATAGCGT-1,1461
GGTGATACGACTAC-1,941
GGTTTACTACGCAT-1,972
GTAACGTGACCTCC-1,1323
GTACCCTGACAGTC-1,1549
GTAGCTGAAGCTAC-1,1527
GTAGGTACACGGGA-1,972
GTATCACTGGTAGG-1,923
GTATCTACAGAAGT-1,976
GTATCTACGTTACG-1,1014
GTATTAGAAACAGA-1,1429
GTCAACGACACTGA-1,1176
GTCAATCTGTAGCT-1,1249
GTCACCTGTCCCGT-1,907
GTCATACTTTGACG-1,959
GTCCACTGACCTCC-1,937
GTCCACTGGGTACT-1,1398
GTCCAGCTACGGGA-1,942
GTCCCATGTGGTGT-1,1469
GTCGAATGAAGGCG-1,905
GTCGCACTTGAGAA-1,1378
GTCTAACTGGTCTA-1,1058
GTCTAGGAGCTTCC-1,1215
GTGATGACAAGTGA-1,1819
GTGATTCTCATTTC-1,943
GTGGATTGCACTAG-1,1467
GTGGATTGCGGAGA-1,976
GTGTAGTGGGTACT-1,921
GTGTATCTAGTAGA-1,1428
GTGTCAGAAGCGTT-1,909
GTTAAAACCGAGAG-1,956
GTTAAATGTCGACA-1,1207
GTTAACCTTGCTTT-1,1648
GTTAGGTGCCAGTA-1,1500
GTTAGGTGCCCAAA-1,953
GTTGACGATATCGG-1,1102
GTTGAGTGGTCTTT-1,1392
GTTGAGTGTGCTTT-1,1042
GTTGATCTTTTCAC-1,971
GTTGGATGTTTACC-1,1364
GTTGTACTATTCCT-1,1137
GTTTAAGACCATGA-1,935
TAAACAACCAACCA-1,1070
TAAACAACGAATCC-1,914
TAACACCTTCGCTC-1,981
TAACACCTTCGTAG-1,1193
TAACATGACACTAG-1,1123
TAACTAGAATTTCC-1,949
TAACTAGACTTAGG-1,965
TAACTCACGTATCG-1,1198
TAACTCACTCTACT-1,952
TAAGAGGACTTGTT-1,914
TAAGATTGCGTAGT-1,913
TAAGCGTGAGGTTC-1,959
TAAGCGTGGACAAA-1,1637
TAAGCGTGTGCTCC-1,1508
TAAGGCTGCCATGA-1,906
TAAGGCTGTCTCGC-1,1195
TAAGTAACCTGTAG-1,1047
TAATGCCTCATGAC-1,1186
TAATGCCTCGTCTC-1,1669
TAATGTGACTGCAA-1,942
TACAAATGGGTACT-1,927
TACACACTCACACA-1,967
TACATCACCTGTTT-1,1391
TACATCACTGAACC-1,1512
TACCGGCTGTTGGT-1,902
TACGAGTGATGCTG-1,1143
TACGAGTGCGGAGA-1,990
TACGATCTCACTGA-1,1291
TACGCCACTCCCAC-1,1621
TACGTACTACGGAG-1,1608
TACGTACTCAGTTG-1,927
TACTACACGAGAGC-1,993
TACTACTGATGTCG-1,993
TACTCAACGGTCTA-1,1194
TACTGGGATCGATG-1,1126
TACTGTTGCTGAAC-1,1657
TAGAATTGTATCGG-1,930
TAGCATCTGCTGTA-1,1262
TAGCCCACAAAAGC-1,997
TAGCCCACAGCCAT-1,983
TAGCCCACAGCTAC-1,1099
TAGCCGCTTACGAC-1,947
TAGCCGCTTTCCAT-1,1062
TAGCTACTGTAGCT-1,995
TAGGCATGCTCTCG-1,1274
TAGGCATGGCGAGA-1,921
TAGGTTCTGAAGGC-1,1200
TAGGTTCTTCTTAC-1,1126
TAGGTTCTTGCTGA-1,1327
TAGTAAACGTCACA-1,1160
TAGTATGATTCTCA-1,990
TAGTGGTGAAGTGA-1,1040
TATAAGACAGCTCA-1,1401
TATAAGTGACACCA-1,1341
TATAAGTGTGGTGT-1,1517
TATAGATGTTCCGC-1,1209
TATCGACTCGATAC-1,1101
TATCTTCTAAACAG-1,928
TATGAATGGAGGAC-1,920
TATGAATGTTTGCT-1,1269
TATGGGTGCATCAG-1,1463
TATGTCACGGAACG-1,956
TATGTCACTAACCG-1,1219
TATGTGCTCCGATA-1,970
TATTTCCTGGAGGT-1,1103
TCAACACTGTTTGG-1,1231
TCAATCACAGTCGT-1,909
TCACATACACTTTC-1,947
TCACCCGAGACGGA-1,1386
TCACCGTGCTCGCT-1,1481
TCACCTCTTCCAAG-1,1064
TCAGACGACGTTAG-1,933
TCAGGATGCCTTTA-1,1142
TCAGTTACCTACGA-1,955
TCATCAACTGTTCT-1,1174
TCATCCCTTACTGG-1,1006
TCATTCGATACAGC-1,1418
TCCACGTGGAAACA-1,955
TCCACTCTGAGCTT-1,1038
TCCATAACGATGAA-1,1033
TCCCATCTCAAAGA-1,1030
TCCCGAACACAGTC-1,913
TCCCGAACTTCGCC-1,1385
TCCGGACTGAGGTG-1,914
TCCTAAACCGAGAG-1,1079
TCCTAATGGTTTGG-1,1101
TCGAGAACGTTAGC-1,1290
TCGAGCCTGCGAGA-1,1130
TCGATTTGCCTACC-1,912
TCGGACCTGTACAC-1,1567
TCGTAGGATCGACA-1,1076
TCTAACACGAGCAG-1,1100
TCTAAGCTTCTAGG-1,1263
TCTACAACGACTAC-1,1022
TCTAGTTGCACCAA-1,1101
TCTCTAGAATTTCC-1,940
TCTTCAGAGCTACA-1,1303
TGAAATTGGTGAGG-1,1111
TGAACCGACTACTT-1,1128
TGAACCGATTCGGA-1,958
TGAATAACTCCCAC-1,939
TGACCGCTAAAAGC-1,963
TGACGCCTGTACCA-1,1650
TGACGCCTTTACTC-1,1093
TGACTGGATTCTCA-1,1194
TGACTTACACACCA-1,1019
TGACTTACAGTCTG-1,1291
TGAGACACAAGGTA-1,1549
TGAGCTGAATGCTG-1,1372
TGAGGACTCTCATT-1,1121
TGAGGACTTCATTC-1,1028
TGAGGTACGAACCT-1,1524
TGATAAACTCCGTC-1,941
TGATACCTTGAAGA-1,975
TGATATGAACCTTT-1,936
TGATCGGACTGACA-1,1433
TGATTAGACATTGG-1,927
TGATTCTGCCGAAT-1,977
TGATTCTGCTCTTA-1,1019
TGCAATCTTCAGGT-1,1903
TGCACAGACGACAT-1,1162
TGCCAAGAGCAGTT-1,964
TGCCAAGATCTCTA-1,936
TGCCACTGAACGTC-1,947
TGCCACTGCGATAC-1,989
TGCCCAACAGCAAA-1,902
TGCCCAACCGCATA-1,982
TGCGATGACTAGTG-1,940
TGCGTAGATGGTCA-1,1557
TGCTAGGATAGTCG-1,901
TGCTATACTGCTGA-1,1020
TGGAAAGAGCGATT-1,1043
TGGAAAGAGGTCAT-1,1238
TGGACCCTGGTACT-1,1212
TGGACTGAGTATGC-1,1178
TGGAGACTATCAGC-1,1132
TGGATGTGATGTCG-1,913
TGGATGTGTGAAGA-1,929
TGGATTCTCATACG-1,958
TGGGTATGAAGAGT-1,965
TGGGTATGCACAAC-1,1088
TGGTAGACATGCCA-1,900
TGGTTACTGACGTT-1,972
TGGTTACTGTTCTT-1,906
TGTAACCTTGCCTC-1,922
TGTACTTGCTCTAT-1,1479
TGTAGGTGCTATGG-1,1101
TGTAGGTGCTCTAT-1,1913
TGTAGTCTTCCAGA-1,1266
TGTCAGGAGATGAA-1,1336
TGTGACGATTCTCA-1,1227
TGTGAGACTGTCAG-1,980
TGTGAGTGAGTGCT-1,1370
TGTTAAGATAAGGA-1,907
TGTTACACCGCATA-1,1147
TGTTACTGGCTACA-1,992
TTACCATGGTTGAC-1,1305
TTACGACTGAGAGC-1,1154
TTACTCGAACGTTG-1,3315
TTACTCGAAGAATG-1,1129
TTACTCGACGCAAT-1,1603
TTACTCGATCTACT-1,1156
TTAGCTACTGTCCC-1,1253
TTAGCTACTTTCGT-1,971
TTAGGGTGCTGGAT-1,916
TTAGGGTGTCCTGC-1,1053
TTAGTCACCAGTTG-1,1017
TTAGTCTGAAAGCA-1,953
TTATCCGAGAAAGT-1,1326
TTATGGCTTATGGC-1,1783
TTATTCCTATGCTG-1,1211
TTATTCCTTCGTGA-1,1104
TTCAACACGGACGA-1,1013
TTCAAGCTAAGAAC-1,1003
TTCAAGCTAGATGA-1,916
TTCACAACCCGTTC-1,959
TTCAGTACCGACTA-1,929
TTCAGTACTCAAGC-1,1379
TTCATGTGTGGTGT-1,946
TTCCAAACCTCCCA-1,954
TTCCCACTTGTCTT-1,1016
TTCGAGGACTCTAT-1,929
TTCGAGGATAGAAG-1,971
TTCGTATGTCCTTA-1,1359
TTCTACGAGTTGGT-1,945
TTCTAGTGACACGT-1,1068
TTCTAGTGGTCACA-1,1058
TTCTCAGATGGAGG-1,1051
TTCTGATGGAGACG-1,1179
TTGAGGACAGAACA-1,944
TTGAGGACTACGCA-1,1794
TTGCATTGCTAAGC-1,1097
TTGCTAACACGCTA-1,917
TTGCTATGGTACGT-1,1104
TTGCTATGGTAGGG-1,1268
TTGGAGACCAATCG-1,1239
TTGGTACTACTGGT-1,1066
TTGTAGCTAGCTCA-1,933
TTGTCATGGACGGA-1,1082
TTTAGCTGTACTCT-1,1567
TTTATCCTGTTGTG-1,1156
TTTCGAACACCTGA-1,1544
TTTCGAACTCTCAT-1,1155
TTTCTACTGAGGCA-1,1227
